{
	"credit": "Made by brandon3055 with Blockbench",
	"textures": {
		"3": "draconicevolution:block/generator/generator_flame"
	},
	"elements": [
		{
			"name": "fire1",
			"from": [2, 2, 3],
			"to": [10, 6, 4],
			"rotation": {"angle": -22.5, "axis": "y", "origin": [5.99913, 4.00437, 3.4965]},
			"faces": {
				"north": {"uv": [0, 8, 16, 16], "texture": "#3"}
			}
		},
		{
			"name": "fire2",
			"from": [2, 2, 3],
			"to": [10, 6, 4],
			"rotation": {"angle": 22.5, "axis": "y", "origin": [5.99913, 4.00437, 3.4965]},
			"faces": {
				"north": {"uv": [0, 8, 16, 16], "texture": "#3"}
			}
		}
	],
	"display": {
		"thirdperson_righthand": {
			"translation": [0, 8.25, -12.5]
		}
	},
	"groups": [
		{
			"name": "Fire",
			"origin": [5.99913, 4.00437, 3.4965],
			"children": [0, 1]
		}
	]
}