{
	"credit": "Made by brandon3055 with Blockbench",
	"parent": "block/block",
	"texture_size": [32, 32],
	"textures": {
		"0": "draconicevolution:block/parts/machine_frame",
		"1": "draconicevolution:block/energy_transfuser",
		"particle": "draconicevolution:block/energy_transfuser"
	},
	"elements": [
		{
			"name": "frame_east",
			"from": [15.1, 0, 0],
			"to": [16, 16, 16],
			"faces": {
				"east": {"uv": [0, 0, 16, 16], "texture": "#0"},
				"west": {"uv": [0, 0, 16, 16], "texture": "#0"}
			}
		},
		{
			"name": "frame_top",
			"from": [0, 15.1, 0],
			"to": [16, 16, 16],
			"rotation": {"angle": 0, "axis": "y", "origin": [8, 15, 8]},
			"faces": {
				"up": {"uv": [0, 0, 16, 16], "texture": "#0"},
				"down": {"uv": [0, 0, 16, 16], "texture": "#0"}
			}
		},
		{
			"name": "frame_bottom",
			"from": [0, 0, 0],
			"to": [16, 0.9, 16],
			"rotation": {"angle": 0, "axis": "y", "origin": [8, 15, 8]},
			"faces": {
				"up": {"uv": [0, 0, 16, 16], "texture": "#0"},
				"down": {"uv": [0, 0, 16, 16], "texture": "#0"}
			}
		},
		{
			"name": "frame_north",
			"from": [0, 0, 0],
			"to": [16, 16, 0.9],
			"faces": {
				"north": {"uv": [0, 0, 16, 16], "texture": "#0"},
				"south": {"uv": [0, 0, 16, 16], "texture": "#0"}
			}
		},
		{
			"name": "frame_south",
			"from": [0, 0, 15.1],
			"to": [16, 16, 16],
			"faces": {
				"north": {"uv": [0, 0, 16, 16], "texture": "#0"},
				"south": {"uv": [0, 0, 16, 16], "texture": "#0"}
			}
		},
		{
			"name": "frame_west",
			"from": [0, 0, 0],
			"to": [0.9, 16, 16],
			"faces": {
				"east": {"uv": [0, 0, 16, 16], "texture": "#0"},
				"west": {"uv": [0, 0, 16, 16], "texture": "#0"}
			}
		},
		{
			"name": "frame_east",
			"from": [14.4, 0.5, 0.5],
			"to": [15.5, 15.5, 15.5],
			"faces": {
				"east": {"uv": [0, 0, 8, 8], "texture": "#1"},
				"west": {"uv": [0, 0, 8, 8], "texture": "#1"}
			}
		},
		{
			"name": "frame_top",
			"from": [0.5, 14.4, 0.5],
			"to": [15.5, 15.5, 15.5],
			"rotation": {"angle": 0, "axis": "y", "origin": [8, 15, 8]},
			"faces": {
				"up": {"uv": [0, 0, 8, 8], "texture": "#1"},
				"down": {"uv": [0, 0, 8, 8], "texture": "#1"}
			}
		},
		{
			"name": "frame_bottom",
			"from": [0.5, 0.5, 0.5],
			"to": [15.5, 1.6, 15.5],
			"rotation": {"angle": 0, "axis": "y", "origin": [8, 15, 8]},
			"faces": {
				"up": {"uv": [0, 0, 8, 8], "texture": "#1"},
				"down": {"uv": [0, 0, 8, 8], "texture": "#1"}
			}
		},
		{
			"name": "frame_north",
			"from": [0.5, 0.5, 0.5],
			"to": [15.5, 15.5, 1.6],
			"faces": {
				"north": {"uv": [0, 0, 8, 8], "texture": "#1"},
				"south": {"uv": [0, 0, 8, 8], "texture": "#1"}
			}
		},
		{
			"name": "frame_south",
			"from": [0.5, 0.5, 14.4],
			"to": [15.5, 15.5, 15.5],
			"faces": {
				"north": {"uv": [0, 0, 8, 8], "texture": "#1"},
				"south": {"uv": [0, 0, 8, 8], "texture": "#1"}
			}
		},
		{
			"name": "frame_west",
			"from": [0.5, 0.5, 0.5],
			"to": [1.6, 15.5, 15.5],
			"faces": {
				"east": {"uv": [0, 0, 8, 8], "texture": "#1"},
				"west": {"uv": [0, 0, 8, 8], "texture": "#1"}
			}
		},
		{
			"name": "core",
			"from": [1.5, 1.5, 1.5],
			"to": [14.5, 14.5, 14.5],
			"faces": {
				"north": {"uv": [8, 0, 14, 6], "texture": "#1"},
				"east": {"uv": [8, 0, 14, 6], "texture": "#1"},
				"south": {"uv": [8, 0, 14, 6], "texture": "#1"},
				"west": {"uv": [8, 0, 14, 6], "texture": "#1"}
			}
		},
		{
			"name": "top_port",
			"from": [2.25, 14.75, 2.25],
			"to": [13.75, 15.75, 13.75],
			"faces": {
				"north": {"uv": [0, 8, 6, 8.5], "rotation": 180, "texture": "#1"},
				"east": {"uv": [5.5, 8, 6, 14], "rotation": 90, "texture": "#1"},
				"south": {"uv": [0, 13.5, 6, 14], "texture": "#1"},
				"west": {"uv": [0, 8, 0.5, 14], "rotation": 270, "texture": "#1"},
				"up": {"uv": [0, 8, 6, 14], "texture": "#1"}
			}
		},
		{
			"name": "bottom_port",
			"from": [2.25, 0.25, 2.25],
			"to": [13.75, 1.25, 13.75],
			"faces": {
				"north": {"uv": [0, 8, 6, 8.5], "rotation": 180, "texture": "#1"},
				"east": {"uv": [5.5, 8, 6, 14], "rotation": 90, "texture": "#1"},
				"south": {"uv": [0, 13.5, 6, 14], "texture": "#1"},
				"west": {"uv": [0, 8, 0.5, 14], "rotation": 270, "texture": "#1"},
				"down": {"uv": [0, 8, 6, 14], "texture": "#1"}
			}
		},
		{
			"name": "markers_n-s",
			"from": [4, 4, 1.25],
			"to": [12, 12, 14.75],
			"rotation": {"angle": 0, "axis": "y", "origin": [11, 11, 10]},
			"faces": {
				"north": {"uv": [8, 8, 12, 12], "texture": "#1"},
				"south": {"uv": [8, 12, 12, 16], "texture": "#1"}
			}
		},
		{
			"name": "markers_e-w",
			"from": [1.25, 4, 4],
			"to": [14.75, 12, 12],
			"rotation": {"angle": 0, "axis": "y", "origin": [11, 11, 10]},
			"faces": {
				"east": {"uv": [12, 8, 16, 12], "texture": "#1"},
				"west": {"uv": [12, 12, 16, 16], "texture": "#1"}
			}
		}
	],
	"display": {
		"thirdperson_righthand": {
			"rotation": [75, 45, 0],
			"translation": [0, 2.5, 0],
			"scale": [0.375, 0.375, 0.375]
		},
		"thirdperson_lefthand": {
			"rotation": [75, 45, 0],
			"translation": [0, 2.5, 0],
			"scale": [0.375, 0.375, 0.375]
		},
		"firstperson_righthand": {
			"rotation": [0, 45, 0],
			"scale": [0.4, 0.4, 0.4]
		},
		"firstperson_lefthand": {
			"rotation": [0, 225, 0],
			"scale": [0.4, 0.4, 0.4]
		},
		"ground": {
			"translation": [0, 3, 0],
			"scale": [0.25, 0.25, 0.25]
		},
		"gui": {
			"rotation": [30, 225, 0],
			"scale": [0.625, 0.625, 0.625]
		},
		"fixed": {
			"scale": [0.5, 0.5, 0.5]
		}
	},
	"groups": [
		{
			"name": "outer_frame",
			"origin": [8, 8, 8],
			"children": [0, 1, 2, 3, 4, 5]
		},
		{
			"name": "inner_frame",
			"origin": [8, 8, 8],
			"children": [6, 7, 8, 9, 10, 11]
		}, 12, 13, 14, 15, 16]
}