{
    "parent": "block/block",
    "textures": {
        "particle": "draconicevolution:block/stabilized_spawner",
        "0": "draconicevolution:block/stabilized_spawner"
    },
    "elements": [
        {
            "name": "NS",
            "from": [ 0.0, 0.0, 0.0 ],
            "to": [ 1.0, 1.0, 16.0 ],
            "faces": {
                "north": { "texture": "#0", "uv": [ 0.0, 0.0, 1.0, 1.0 ] },
                "east": { "texture": "#0", "uv": [ 0.0, 0.0, 16.0, 1.0 ] },
                "south": { "texture": "#0", "uv": [ 0.0, 0.0, 1.0, 1.0 ] },
                "west": { "texture": "#0", "uv": [ 0.0, 0.0, 16.0, 1.0 ] },
                "up": { "texture": "#0", "uv": [ 0.0, 0.0, 1.0, 16.0 ] },
                "down": { "texture": "#0", "uv": [ 0.0, 0.0, 1.0, 16.0 ] }
            }
        },
        {
            "name": "NS",
            "from": [ 15.0, 0.0, 0.0 ],
            "to": [ 16.0, 1.0, 16.0 ],
            "faces": {
                "north": { "texture": "#0", "uv": [ 0.0, 0.0, 1.0, 1.0 ] },
                "east": { "texture": "#0", "uv": [ 0.0, 0.0, 16.0, 1.0 ] },
                "south": { "texture": "#0", "uv": [ 0.0, 0.0, 1.0, 1.0 ] },
                "west": { "texture": "#0", "uv": [ 0.0, 0.0, 16.0, 1.0 ] },
                "up": { "texture": "#0", "uv": [ 0.0, 0.0, 1.0, 16.0 ] },
                "down": { "texture": "#0", "uv": [ 0.0, 0.0, 1.0, 16.0 ] }
            }
        },
        {
            "name": "NS",
            "from": [ 15.0, 15.0, 0.0 ],
            "to": [ 16.0, 16.0, 16.0 ],
            "faces": {
                "north": { "texture": "#0", "uv": [ 0.0, 0.0, 1.0, 1.0 ] },
                "east": { "texture": "#0", "uv": [ 0.0, 0.0, 16.0, 1.0 ] },
                "south": { "texture": "#0", "uv": [ 0.0, 0.0, 1.0, 1.0 ] },
                "west": { "texture": "#0", "uv": [ 0.0, 0.0, 16.0, 1.0 ] },
                "up": { "texture": "#0", "uv": [ 0.0, 0.0, 1.0, 16.0 ] },
                "down": { "texture": "#0", "uv": [ 0.0, 0.0, 1.0, 16.0 ] }
            }
        },
        {
            "name": "NS",
            "from": [ 0.0, 15.0, 0.0 ],
            "to": [ 1.0, 16.0, 16.0 ],
            "faces": {
                "north": { "texture": "#0", "uv": [ 0.0, 0.0, 1.0, 1.0 ] },
                "east": { "texture": "#0", "uv": [ 0.0, 0.0, 16.0, 1.0 ] },
                "south": { "texture": "#0", "uv": [ 0.0, 0.0, 1.0, 1.0 ] },
                "west": { "texture": "#0", "uv": [ 0.0, 0.0, 16.0, 1.0 ] },
                "up": { "texture": "#0", "uv": [ 0.0, 0.0, 1.0, 16.0 ] },
                "down": { "texture": "#0", "uv": [ 0.0, 0.0, 1.0, 16.0 ] }
            }
        },
        {
            "name": "UD",
            "from": [ 0.0, 1.0, 0.0 ],
            "to": [ 1.0, 15.0, 1.0 ],
            "faces": {
                "north": { "texture": "#0", "uv": [ 0.0, 0.0, 1.0, 14.0 ] },
                "east": { "texture": "#0", "uv": [ 0.0, 0.0, 1.0, 14.0 ] },
                "south": { "texture": "#0", "uv": [ 0.0, 0.0, 1.0, 14.0 ] },
                "west": { "texture": "#0", "uv": [ 0.0, 0.0, 1.0, 14.0 ] },
                "up": { "texture": "#0", "uv": [ 0.0, 0.0, 1.0, 1.0 ] },
                "down": { "texture": "#0", "uv": [ 0.0, 0.0, 1.0, 1.0 ] }
            }
        },
        {
            "name": "UD",
            "from": [ 15.0, 1.0, 15.0 ],
            "to": [ 16.0, 15.0, 16.0 ],
            "faces": {
                "north": { "texture": "#0", "uv": [ 0.0, 0.0, 1.0, 14.0 ] },
                "east": { "texture": "#0", "uv": [ 0.0, 0.0, 1.0, 14.0 ] },
                "south": { "texture": "#0", "uv": [ 0.0, 0.0, 1.0, 14.0 ] },
                "west": { "texture": "#0", "uv": [ 0.0, 0.0, 1.0, 14.0 ] },
                "up": { "texture": "#0", "uv": [ 0.0, 0.0, 1.0, 1.0 ] },
                "down": { "texture": "#0", "uv": [ 0.0, 0.0, 1.0, 1.0 ] }
            }
        },
        {
            "name": "UD",
            "from": [ 0.0, 1.0, 15.0 ],
            "to": [ 1.0, 15.0, 16.0 ],
            "faces": {
                "north": { "texture": "#0", "uv": [ 0.0, 0.0, 1.0, 14.0 ] },
                "east": { "texture": "#0", "uv": [ 0.0, 0.0, 1.0, 14.0 ] },
                "south": { "texture": "#0", "uv": [ 0.0, 0.0, 1.0, 14.0 ] },
                "west": { "texture": "#0", "uv": [ 0.0, 0.0, 1.0, 14.0 ] },
                "up": { "texture": "#0", "uv": [ 0.0, 0.0, 1.0, 1.0 ] },
                "down": { "texture": "#0", "uv": [ 0.0, 0.0, 1.0, 1.0 ] }
            }
        },
        {
            "name": "EW",
            "from": [ 1.0, 0.0, 0.0 ],
            "to": [ 15.0, 1.0, 1.0 ],
            "faces": {
                "north": { "texture": "#0", "uv": [ 0.0, 0.0, 14.0, 1.0 ] },
                "east": { "texture": "#0", "uv": [ 0.0, 0.0, 1.0, 1.0 ] },
                "south": { "texture": "#0", "uv": [ 0.0, 0.0, 14.0, 1.0 ] },
                "west": { "texture": "#0", "uv": [ 0.0, 0.0, 1.0, 1.0 ] },
                "up": { "texture": "#0", "uv": [ 0.0, 0.0, 14.0, 1.0 ] },
                "down": { "texture": "#0", "uv": [ 0.0, 0.0, 14.0, 1.0 ] }
            }
        },
        {
            "name": "EW",
            "from": [ 1.0, 0.0, 15.0 ],
            "to": [ 15.0, 1.0, 16.0 ],
            "faces": {
                "north": { "texture": "#0", "uv": [ 0.0, 0.0, 14.0, 1.0 ] },
                "east": { "texture": "#0", "uv": [ 0.0, 0.0, 1.0, 1.0 ] },
                "south": { "texture": "#0", "uv": [ 0.0, 0.0, 14.0, 1.0 ] },
                "west": { "texture": "#0", "uv": [ 0.0, 0.0, 1.0, 1.0 ] },
                "up": { "texture": "#0", "uv": [ 0.0, 0.0, 14.0, 1.0 ] },
                "down": { "texture": "#0", "uv": [ 0.0, 0.0, 14.0, 1.0 ] }
            }
        },
        {
            "name": "EW",
            "from": [ 1.0, 15.0, 15.0 ],
            "to": [ 15.0, 16.0, 16.0 ],
            "faces": {
                "north": { "texture": "#0", "uv": [ 0.0, 0.0, 14.0, 1.0 ] },
                "east": { "texture": "#0", "uv": [ 0.0, 0.0, 1.0, 1.0 ] },
                "south": { "texture": "#0", "uv": [ 0.0, 0.0, 14.0, 1.0 ] },
                "west": { "texture": "#0", "uv": [ 0.0, 0.0, 1.0, 1.0 ] },
                "up": { "texture": "#0", "uv": [ 0.0, 0.0, 14.0, 1.0 ] },
                "down": { "texture": "#0", "uv": [ 0.0, 0.0, 14.0, 1.0 ] }
            }
        },
        {
            "name": "EW",
            "from": [ 1.0, 15.0, 0.0 ],
            "to": [ 15.0, 16.0, 1.0 ],
            "faces": {
                "north": { "texture": "#0", "uv": [ 0.0, 0.0, 14.0, 1.0 ] },
                "east": { "texture": "#0", "uv": [ 0.0, 0.0, 1.0, 1.0 ] },
                "south": { "texture": "#0", "uv": [ 0.0, 0.0, 14.0, 1.0 ] },
                "west": { "texture": "#0", "uv": [ 0.0, 0.0, 1.0, 1.0 ] },
                "up": { "texture": "#0", "uv": [ 0.0, 0.0, 14.0, 1.0 ] },
                "down": { "texture": "#0", "uv": [ 0.0, 0.0, 14.0, 1.0 ] }
            }
        },
        {
            "name": "UD",
            "from": [ 15.0, 1.0, 0.0 ],
            "to": [ 16.0, 15.0, 1.0 ],
            "faces": {
                "north": { "texture": "#0", "uv": [ 0.0, 0.0, 1.0, 14.0 ] },
                "east": { "texture": "#0", "uv": [ 0.0, 0.0, 1.0, 14.0 ] },
                "south": { "texture": "#0", "uv": [ 0.0, 0.0, 1.0, 14.0 ] },
                "west": { "texture": "#0", "uv": [ 0.0, 0.0, 1.0, 14.0 ] },
                "up": { "texture": "#0", "uv": [ 0.0, 0.0, 1.0, 1.0 ] },
                "down": { "texture": "#0", "uv": [ 0.0, 0.0, 1.0, 1.0 ] }
            }
        },
        {
            "name": "UDI",
            "from": [ 15.300000004470348, 1.0, 2.0 ],
            "to": [ 15.799999997019768, 15.0, 3.0 ],
            "faces": {
                "north": { "texture": "#0", "uv": [ 0.0, 0.0, 0.4999999925494194, 14.0 ] },
                "east": { "texture": "#0", "uv": [ 0.0, 0.0, 1.0, 14.0 ] },
                "south": { "texture": "#0", "uv": [ 0.0, 0.0, 0.4999999925494194, 14.0 ] },
                "west": { "texture": "#0", "uv": [ 0.0, 0.0, 1.0, 14.0 ] },
                "up": { "texture": "#0", "uv": [ 0.0, 0.0, 0.4999999925494194, 1.0 ] },
                "down": { "texture": "#0", "uv": [ 0.0, 0.0, 0.4999999925494194, 1.0 ] }
            }
        },
        {
            "name": "UDI",
            "from": [ 15.300000004470348, 1.0, 5.0 ],
            "to": [ 15.799999997019768, 15.0, 6.0 ],
            "faces": {
                "north": { "texture": "#0", "uv": [ 0.0, 0.0, 0.4999999925494194, 14.0 ] },
                "east": { "texture": "#0", "uv": [ 0.0, 0.0, 1.0, 14.0 ] },
                "south": { "texture": "#0", "uv": [ 0.0, 0.0, 0.4999999925494194, 14.0 ] },
                "west": { "texture": "#0", "uv": [ 0.0, 0.0, 1.0, 14.0 ] },
                "up": { "texture": "#0", "uv": [ 0.0, 0.0, 0.4999999925494194, 1.0 ] },
                "down": { "texture": "#0", "uv": [ 0.0, 0.0, 0.4999999925494194, 1.0 ] }
            }
        },
        {
            "name": "UDI",
            "from": [ 15.300000004470348, 1.0, 10.0 ],
            "to": [ 15.799999997019768, 15.0, 11.0 ],
            "faces": {
                "north": { "texture": "#0", "uv": [ 0.0, 0.0, 0.4999999925494194, 14.0 ] },
                "east": { "texture": "#0", "uv": [ 0.0, 0.0, 1.0, 14.0 ] },
                "south": { "texture": "#0", "uv": [ 0.0, 0.0, 0.4999999925494194, 14.0 ] },
                "west": { "texture": "#0", "uv": [ 0.0, 0.0, 1.0, 14.0 ] },
                "up": { "texture": "#0", "uv": [ 0.0, 0.0, 0.4999999925494194, 1.0 ] },
                "down": { "texture": "#0", "uv": [ 0.0, 0.0, 0.4999999925494194, 1.0 ] }
            }
        },
        {
            "name": "UDI",
            "from": [ 15.300000004470348, 1.0, 13.0 ],
            "to": [ 15.799999997019768, 15.0, 14.0 ],
            "faces": {
                "north": { "texture": "#0", "uv": [ 0.0, 0.0, 0.4999999925494194, 14.0 ] },
                "east": { "texture": "#0", "uv": [ 0.0, 0.0, 1.0, 14.0 ] },
                "south": { "texture": "#0", "uv": [ 0.0, 0.0, 0.4999999925494194, 14.0 ] },
                "west": { "texture": "#0", "uv": [ 0.0, 0.0, 1.0, 14.0 ] },
                "up": { "texture": "#0", "uv": [ 0.0, 0.0, 0.4999999925494194, 1.0 ] },
                "down": { "texture": "#0", "uv": [ 0.0, 0.0, 0.4999999925494194, 1.0 ] }
            }
        },
        {
            "name": "UDI",
            "from": [ 13.0, 1.0, 15.300000004470348 ],
            "to": [ 14.0, 15.0, 15.799999997019768 ],
            "faces": {
                "north": { "texture": "#0", "uv": [ 0.0, 0.0, 1.0, 14.0 ] },
                "east": { "texture": "#0", "uv": [ 0.0, 0.0, 0.4999999925494194, 14.0 ] },
                "south": { "texture": "#0", "uv": [ 0.0, 0.0, 1.0, 14.0 ] },
                "west": { "texture": "#0", "uv": [ 0.0, 0.0, 0.4999999925494194, 14.0 ] },
                "up": { "texture": "#0", "uv": [ 0.0, 0.0, 1.0, 0.4999999925494194 ] },
                "down": { "texture": "#0", "uv": [ 0.0, 0.0, 1.0, 0.4999999925494194 ] }
            }
        },
        {
            "name": "UDI",
            "from": [ 10.0, 1.0, 15.300000004470348 ],
            "to": [ 11.0, 15.0, 15.799999997019768 ],
            "faces": {
                "north": { "texture": "#0", "uv": [ 0.0, 0.0, 1.0, 14.0 ] },
                "east": { "texture": "#0", "uv": [ 0.0, 0.0, 0.4999999925494194, 14.0 ] },
                "south": { "texture": "#0", "uv": [ 0.0, 0.0, 1.0, 14.0 ] },
                "west": { "texture": "#0", "uv": [ 0.0, 0.0, 0.4999999925494194, 14.0 ] },
                "up": { "texture": "#0", "uv": [ 0.0, 0.0, 1.0, 0.4999999925494194 ] },
                "down": { "texture": "#0", "uv": [ 0.0, 0.0, 1.0, 0.4999999925494194 ] }
            }
        },
        {
            "name": "UDI",
            "from": [ 2.0, 1.0, 15.300000004470348 ],
            "to": [ 3.0, 15.0, 15.799999997019768 ],
            "faces": {
                "north": { "texture": "#0", "uv": [ 0.0, 0.0, 1.0, 14.0 ] },
                "east": { "texture": "#0", "uv": [ 0.0, 0.0, 0.4999999925494194, 14.0 ] },
                "south": { "texture": "#0", "uv": [ 0.0, 0.0, 1.0, 14.0 ] },
                "west": { "texture": "#0", "uv": [ 0.0, 0.0, 0.4999999925494194, 14.0 ] },
                "up": { "texture": "#0", "uv": [ 0.0, 0.0, 1.0, 0.4999999925494194 ] },
                "down": { "texture": "#0", "uv": [ 0.0, 0.0, 1.0, 0.4999999925494194 ] }
            }
        },
        {
            "name": "UDI",
            "from": [ 5.0, 1.0, 15.300000004470348 ],
            "to": [ 6.0, 15.0, 15.799999997019768 ],
            "faces": {
                "north": { "texture": "#0", "uv": [ 0.0, 0.0, 1.0, 14.0 ] },
                "east": { "texture": "#0", "uv": [ 0.0, 0.0, 0.4999999925494194, 14.0 ] },
                "south": { "texture": "#0", "uv": [ 0.0, 0.0, 1.0, 14.0 ] },
                "west": { "texture": "#0", "uv": [ 0.0, 0.0, 0.4999999925494194, 14.0 ] },
                "up": { "texture": "#0", "uv": [ 0.0, 0.0, 1.0, 0.4999999925494194 ] },
                "down": { "texture": "#0", "uv": [ 0.0, 0.0, 1.0, 0.4999999925494194 ] }
            }
        },
        {
            "name": "UDI",
            "from": [ 0.20000000298023224, 1.0, 13.0 ],
            "to": [ 0.6999999955296516, 15.0, 14.0 ],
            "faces": {
                "north": { "texture": "#0", "uv": [ 0.0, 0.0, 0.4999999925494194, 14.0 ] },
                "east": { "texture": "#0", "uv": [ 0.0, 0.0, 1.0, 14.0 ] },
                "south": { "texture": "#0", "uv": [ 0.0, 0.0, 0.4999999925494194, 14.0 ] },
                "west": { "texture": "#0", "uv": [ 0.0, 0.0, 1.0, 14.0 ] },
                "up": { "texture": "#0", "uv": [ 0.0, 0.0, 0.4999999925494194, 1.0 ] },
                "down": { "texture": "#0", "uv": [ 0.0, 0.0, 0.4999999925494194, 1.0 ] }
            }
        },
        {
            "name": "UDI",
            "from": [ 0.20000000298023224, 1.0, 10.0 ],
            "to": [ 0.6999999955296516, 15.0, 11.0 ],
            "faces": {
                "north": { "texture": "#0", "uv": [ 0.0, 0.0, 0.4999999925494194, 14.0 ] },
                "east": { "texture": "#0", "uv": [ 0.0, 0.0, 1.0, 14.0 ] },
                "south": { "texture": "#0", "uv": [ 0.0, 0.0, 0.4999999925494194, 14.0 ] },
                "west": { "texture": "#0", "uv": [ 0.0, 0.0, 1.0, 14.0 ] },
                "up": { "texture": "#0", "uv": [ 0.0, 0.0, 0.4999999925494194, 1.0 ] },
                "down": { "texture": "#0", "uv": [ 0.0, 0.0, 0.4999999925494194, 1.0 ] }
            }
        },
        {
            "name": "UDI",
            "from": [ 0.20000000298023224, 1.0, 5.0 ],
            "to": [ 0.6999999955296516, 15.0, 6.0 ],
            "faces": {
                "north": { "texture": "#0", "uv": [ 0.0, 0.0, 0.4999999925494194, 14.0 ] },
                "east": { "texture": "#0", "uv": [ 0.0, 0.0, 1.0, 14.0 ] },
                "south": { "texture": "#0", "uv": [ 0.0, 0.0, 0.4999999925494194, 14.0 ] },
                "west": { "texture": "#0", "uv": [ 0.0, 0.0, 1.0, 14.0 ] },
                "up": { "texture": "#0", "uv": [ 0.0, 0.0, 0.4999999925494194, 1.0 ] },
                "down": { "texture": "#0", "uv": [ 0.0, 0.0, 0.4999999925494194, 1.0 ] }
            }
        },
        {
            "name": "UDI",
            "from": [ 0.20000000298023224, 1.0, 2.0 ],
            "to": [ 0.6999999955296516, 15.0, 3.0 ],
            "faces": {
                "north": { "texture": "#0", "uv": [ 0.0, 0.0, 0.4999999925494194, 14.0 ] },
                "east": { "texture": "#0", "uv": [ 0.0, 0.0, 1.0, 14.0 ] },
                "south": { "texture": "#0", "uv": [ 0.0, 0.0, 0.4999999925494194, 14.0 ] },
                "west": { "texture": "#0", "uv": [ 0.0, 0.0, 1.0, 14.0 ] },
                "up": { "texture": "#0", "uv": [ 0.0, 0.0, 0.4999999925494194, 1.0 ] },
                "down": { "texture": "#0", "uv": [ 0.0, 0.0, 0.4999999925494194, 1.0 ] }
            }
        },
        {
            "name": "UDI",
            "from": [ 2.0, 1.0, 0.20000000298023224 ],
            "to": [ 3.0, 15.0, 0.6999999955296516 ],
            "faces": {
                "north": { "texture": "#0", "uv": [ 0.0, 0.0, 1.0, 14.0 ] },
                "east": { "texture": "#0", "uv": [ 0.0, 0.0, 0.4999999925494194, 14.0 ] },
                "south": { "texture": "#0", "uv": [ 0.0, 0.0, 1.0, 14.0 ] },
                "west": { "texture": "#0", "uv": [ 0.0, 0.0, 0.4999999925494194, 14.0 ] },
                "up": { "texture": "#0", "uv": [ 0.0, 0.0, 1.0, 0.4999999925494194 ] },
                "down": { "texture": "#0", "uv": [ 0.0, 0.0, 1.0, 0.4999999925494194 ] }
            }
        },
        {
            "name": "UDI",
            "from": [ 5.0, 1.0, 0.20000000298023224 ],
            "to": [ 6.0, 15.0, 0.6999999955296516 ],
            "faces": {
                "north": { "texture": "#0", "uv": [ 0.0, 0.0, 1.0, 14.0 ] },
                "east": { "texture": "#0", "uv": [ 0.0, 0.0, 0.4999999925494194, 14.0 ] },
                "south": { "texture": "#0", "uv": [ 0.0, 0.0, 1.0, 14.0 ] },
                "west": { "texture": "#0", "uv": [ 0.0, 0.0, 0.4999999925494194, 14.0 ] },
                "up": { "texture": "#0", "uv": [ 0.0, 0.0, 1.0, 0.4999999925494194 ] },
                "down": { "texture": "#0", "uv": [ 0.0, 0.0, 1.0, 0.4999999925494194 ] }
            }
        },
        {
            "name": "UDI",
            "from": [ 10.0, 1.0, 0.20000000298023224 ],
            "to": [ 11.0, 15.0, 0.6999999955296516 ],
            "faces": {
                "north": { "texture": "#0", "uv": [ 0.0, 0.0, 1.0, 14.0 ] },
                "east": { "texture": "#0", "uv": [ 0.0, 0.0, 0.4999999925494194, 14.0 ] },
                "south": { "texture": "#0", "uv": [ 0.0, 0.0, 1.0, 14.0 ] },
                "west": { "texture": "#0", "uv": [ 0.0, 0.0, 0.4999999925494194, 14.0 ] },
                "up": { "texture": "#0", "uv": [ 0.0, 0.0, 1.0, 0.4999999925494194 ] },
                "down": { "texture": "#0", "uv": [ 0.0, 0.0, 1.0, 0.4999999925494194 ] }
            }
        },
        {
            "name": "UDI",
            "from": [ 13.0, 1.0, 0.20000000298023224 ],
            "to": [ 14.0, 15.0, 0.6999999955296516 ],
            "faces": {
                "north": { "texture": "#0", "uv": [ 0.0, 0.0, 1.0, 14.0 ] },
                "east": { "texture": "#0", "uv": [ 0.0, 0.0, 0.4999999925494194, 14.0 ] },
                "south": { "texture": "#0", "uv": [ 0.0, 0.0, 1.0, 14.0 ] },
                "west": { "texture": "#0", "uv": [ 0.0, 0.0, 0.4999999925494194, 14.0 ] },
                "up": { "texture": "#0", "uv": [ 0.0, 0.0, 1.0, 0.4999999925494194 ] },
                "down": { "texture": "#0", "uv": [ 0.0, 0.0, 1.0, 0.4999999925494194 ] }
            }
        },
        {
            "name": "NSITB",
            "from": [ 2.0, 0.20000000298023224, 1.0 ],
            "to": [ 3.0, 0.6999999955296516, 15.0 ],
            "faces": {
                "north": { "texture": "#0", "uv": [ 0.0, 0.0, 1.0, 0.4999999925494194 ] },
                "east": { "texture": "#0", "uv": [ 0.0, 0.0, 14.0, 0.4999999925494194 ] },
                "south": { "texture": "#0", "uv": [ 0.0, 0.0, 1.0, 0.4999999925494194 ] },
                "west": { "texture": "#0", "uv": [ 0.0, 0.0, 14.0, 0.4999999925494194 ] },
                "up": { "texture": "#0", "uv": [ 0.0, 0.0, 1.0, 14.0 ] },
                "down": { "texture": "#0", "uv": [ 0.0, 0.0, 1.0, 14.0 ] }
            }
        },
        {
            "name": "NSITB",
            "from": [ 5.0, 0.20000000298023224, 1.0 ],
            "to": [ 6.0, 0.6999999955296516, 15.0 ],
            "faces": {
                "north": { "texture": "#0", "uv": [ 0.0, 0.0, 1.0, 0.4999999925494194 ] },
                "east": { "texture": "#0", "uv": [ 0.0, 0.0, 14.0, 0.4999999925494194 ] },
                "south": { "texture": "#0", "uv": [ 0.0, 0.0, 1.0, 0.4999999925494194 ] },
                "west": { "texture": "#0", "uv": [ 0.0, 0.0, 14.0, 0.4999999925494194 ] },
                "up": { "texture": "#0", "uv": [ 0.0, 0.0, 1.0, 14.0 ] },
                "down": { "texture": "#0", "uv": [ 0.0, 0.0, 1.0, 14.0 ] }
            }
        },
        {
            "name": "NSITB",
            "from": [ 10.0, 0.20000000298023224, 1.0 ],
            "to": [ 11.0, 0.6999999955296516, 15.0 ],
            "faces": {
                "north": { "texture": "#0", "uv": [ 0.0, 0.0, 1.0, 0.4999999925494194 ] },
                "east": { "texture": "#0", "uv": [ 0.0, 0.0, 14.0, 0.4999999925494194 ] },
                "south": { "texture": "#0", "uv": [ 0.0, 0.0, 1.0, 0.4999999925494194 ] },
                "west": { "texture": "#0", "uv": [ 0.0, 0.0, 14.0, 0.4999999925494194 ] },
                "up": { "texture": "#0", "uv": [ 0.0, 0.0, 1.0, 14.0 ] },
                "down": { "texture": "#0", "uv": [ 0.0, 0.0, 1.0, 14.0 ] }
            }
        },
        {
            "name": "NSITB",
            "from": [ 13.0, 0.20000000298023224, 1.0 ],
            "to": [ 14.0, 0.6999999955296516, 15.0 ],
            "faces": {
                "north": { "texture": "#0", "uv": [ 0.0, 0.0, 1.0, 0.4999999925494194 ] },
                "east": { "texture": "#0", "uv": [ 0.0, 0.0, 14.0, 0.4999999925494194 ] },
                "south": { "texture": "#0", "uv": [ 0.0, 0.0, 1.0, 0.4999999925494194 ] },
                "west": { "texture": "#0", "uv": [ 0.0, 0.0, 14.0, 0.4999999925494194 ] },
                "up": { "texture": "#0", "uv": [ 0.0, 0.0, 1.0, 14.0 ] },
                "down": { "texture": "#0", "uv": [ 0.0, 0.0, 1.0, 14.0 ] }
            }
        },
        {
            "name": "NSITB",
            "from": [ 13.0, 15.300000004470348, 1.0 ],
            "to": [ 14.0, 15.799999997019768, 15.0 ],
            "faces": {
                "north": { "texture": "#0", "uv": [ 0.0, 0.0, 1.0, 0.4999999925494194 ] },
                "east": { "texture": "#0", "uv": [ 0.0, 0.0, 14.0, 0.4999999925494194 ] },
                "south": { "texture": "#0", "uv": [ 0.0, 0.0, 1.0, 0.4999999925494194 ] },
                "west": { "texture": "#0", "uv": [ 0.0, 0.0, 14.0, 0.4999999925494194 ] },
                "up": { "texture": "#0", "uv": [ 0.0, 0.0, 1.0, 14.0 ] },
                "down": { "texture": "#0", "uv": [ 0.0, 0.0, 1.0, 14.0 ] }
            }
        },
        {
            "name": "NSITB",
            "from": [ 10.0, 15.300000004470348, 1.0 ],
            "to": [ 11.0, 15.799999997019768, 15.0 ],
            "faces": {
                "north": { "texture": "#0", "uv": [ 0.0, 0.0, 1.0, 0.4999999925494194 ] },
                "east": { "texture": "#0", "uv": [ 0.0, 0.0, 14.0, 0.4999999925494194 ] },
                "south": { "texture": "#0", "uv": [ 0.0, 0.0, 1.0, 0.4999999925494194 ] },
                "west": { "texture": "#0", "uv": [ 0.0, 0.0, 14.0, 0.4999999925494194 ] },
                "up": { "texture": "#0", "uv": [ 0.0, 0.0, 1.0, 14.0 ] },
                "down": { "texture": "#0", "uv": [ 0.0, 0.0, 1.0, 14.0 ] }
            }
        },
        {
            "name": "NSITB",
            "from": [ 5.0, 15.300000004470348, 1.0 ],
            "to": [ 6.0, 15.799999997019768, 15.0 ],
            "faces": {
                "north": { "texture": "#0", "uv": [ 0.0, 0.0, 1.0, 0.4999999925494194 ] },
                "east": { "texture": "#0", "uv": [ 0.0, 0.0, 14.0, 0.4999999925494194 ] },
                "south": { "texture": "#0", "uv": [ 0.0, 0.0, 1.0, 0.4999999925494194 ] },
                "west": { "texture": "#0", "uv": [ 0.0, 0.0, 14.0, 0.4999999925494194 ] },
                "up": { "texture": "#0", "uv": [ 0.0, 0.0, 1.0, 14.0 ] },
                "down": { "texture": "#0", "uv": [ 0.0, 0.0, 1.0, 14.0 ] }
            }
        },
        {
            "name": "NSITB",
            "from": [ 2.0, 15.300000004470348, 1.0 ],
            "to": [ 3.0, 15.799999997019768, 15.0 ],
            "faces": {
                "north": { "texture": "#0", "uv": [ 0.0, 0.0, 1.0, 0.4999999925494194 ] },
                "east": { "texture": "#0", "uv": [ 0.0, 0.0, 14.0, 0.4999999925494194 ] },
                "south": { "texture": "#0", "uv": [ 0.0, 0.0, 1.0, 0.4999999925494194 ] },
                "west": { "texture": "#0", "uv": [ 0.0, 0.0, 14.0, 0.4999999925494194 ] },
                "up": { "texture": "#0", "uv": [ 0.0, 0.0, 1.0, 14.0 ] },
                "down": { "texture": "#0", "uv": [ 0.0, 0.0, 1.0, 14.0 ] }
            }
        },
        {
            "name": "NSIEW",
            "from": [ 0.30000000447034836, 13.0, 1.0 ],
            "to": [ 0.7999999970197678, 14.0, 15.0 ],
            "faces": {
                "north": { "texture": "#0", "uv": [ 0.0, 0.0, 0.4999999925494194, 1.0 ] },
                "east": { "texture": "#0", "uv": [ 0.0, 0.0, 14.0, 1.0 ] },
                "south": { "texture": "#0", "uv": [ 0.0, 0.0, 0.4999999925494194, 1.0 ] },
                "west": { "texture": "#0", "uv": [ 0.0, 0.0, 14.0, 1.0 ] },
                "up": { "texture": "#0", "uv": [ 0.0, 0.0, 0.4999999925494194, 14.0 ] },
                "down": { "texture": "#0", "uv": [ 0.0, 0.0, 0.4999999925494194, 14.0 ] }
            }
        },
        {
            "name": "NSIEW",
            "from": [ 0.30000000447034836, 10.0, 1.0 ],
            "to": [ 0.7999999970197678, 11.0, 15.0 ],
            "faces": {
                "north": { "texture": "#0", "uv": [ 0.0, 0.0, 0.4999999925494194, 1.0 ] },
                "east": { "texture": "#0", "uv": [ 0.0, 0.0, 14.0, 1.0 ] },
                "south": { "texture": "#0", "uv": [ 0.0, 0.0, 0.4999999925494194, 1.0 ] },
                "west": { "texture": "#0", "uv": [ 0.0, 0.0, 14.0, 1.0 ] },
                "up": { "texture": "#0", "uv": [ 0.0, 0.0, 0.4999999925494194, 14.0 ] },
                "down": { "texture": "#0", "uv": [ 0.0, 0.0, 0.4999999925494194, 14.0 ] }
            }
        },
        {
            "name": "NSIEW",
            "from": [ 0.30000000447034836, 5.0, 1.0 ],
            "to": [ 0.7999999970197678, 6.0, 15.0 ],
            "faces": {
                "north": { "texture": "#0", "uv": [ 0.0, 0.0, 0.4999999925494194, 1.0 ] },
                "east": { "texture": "#0", "uv": [ 0.0, 0.0, 14.0, 1.0 ] },
                "south": { "texture": "#0", "uv": [ 0.0, 0.0, 0.4999999925494194, 1.0 ] },
                "west": { "texture": "#0", "uv": [ 0.0, 0.0, 14.0, 1.0 ] },
                "up": { "texture": "#0", "uv": [ 0.0, 0.0, 0.4999999925494194, 14.0 ] },
                "down": { "texture": "#0", "uv": [ 0.0, 0.0, 0.4999999925494194, 14.0 ] }
            }
        },
        {
            "name": "NSIEW",
            "from": [ 0.30000000447034836, 2.0, 1.0 ],
            "to": [ 0.7999999970197678, 3.0, 15.0 ],
            "faces": {
                "north": { "texture": "#0", "uv": [ 0.0, 0.0, 0.4999999925494194, 1.0 ] },
                "east": { "texture": "#0", "uv": [ 0.0, 0.0, 14.0, 1.0 ] },
                "south": { "texture": "#0", "uv": [ 0.0, 0.0, 0.4999999925494194, 1.0 ] },
                "west": { "texture": "#0", "uv": [ 0.0, 0.0, 14.0, 1.0 ] },
                "up": { "texture": "#0", "uv": [ 0.0, 0.0, 0.4999999925494194, 14.0 ] },
                "down": { "texture": "#0", "uv": [ 0.0, 0.0, 0.4999999925494194, 14.0 ] }
            }
        },
        {
            "name": "NSIEW",
            "from": [ 15.200000002980232, 2.0, 1.0 ],
            "to": [ 15.699999995529652, 3.0, 15.0 ],
            "faces": {
                "north": { "texture": "#0", "uv": [ 0.0, 0.0, 0.4999999925494194, 1.0 ] },
                "east": { "texture": "#0", "uv": [ 0.0, 0.0, 14.0, 1.0 ] },
                "south": { "texture": "#0", "uv": [ 0.0, 0.0, 0.4999999925494194, 1.0 ] },
                "west": { "texture": "#0", "uv": [ 0.0, 0.0, 14.0, 1.0 ] },
                "up": { "texture": "#0", "uv": [ 0.0, 0.0, 0.4999999925494194, 14.0 ] },
                "down": { "texture": "#0", "uv": [ 0.0, 0.0, 0.4999999925494194, 14.0 ] }
            }
        },
        {
            "name": "NSIEW",
            "from": [ 15.200000002980232, 5.0, 1.0 ],
            "to": [ 15.699999995529652, 6.0, 15.0 ],
            "faces": {
                "north": { "texture": "#0", "uv": [ 0.0, 0.0, 0.4999999925494194, 1.0 ] },
                "east": { "texture": "#0", "uv": [ 0.0, 0.0, 14.0, 1.0 ] },
                "south": { "texture": "#0", "uv": [ 0.0, 0.0, 0.4999999925494194, 1.0 ] },
                "west": { "texture": "#0", "uv": [ 0.0, 0.0, 14.0, 1.0 ] },
                "up": { "texture": "#0", "uv": [ 0.0, 0.0, 0.4999999925494194, 14.0 ] },
                "down": { "texture": "#0", "uv": [ 0.0, 0.0, 0.4999999925494194, 14.0 ] }
            }
        },
        {
            "name": "NSIEW",
            "from": [ 15.200000002980232, 10.0, 1.0 ],
            "to": [ 15.699999995529652, 11.0, 15.0 ],
            "faces": {
                "north": { "texture": "#0", "uv": [ 0.0, 0.0, 0.4999999925494194, 1.0 ] },
                "east": { "texture": "#0", "uv": [ 0.0, 0.0, 14.0, 1.0 ] },
                "south": { "texture": "#0", "uv": [ 0.0, 0.0, 0.4999999925494194, 1.0 ] },
                "west": { "texture": "#0", "uv": [ 0.0, 0.0, 14.0, 1.0 ] },
                "up": { "texture": "#0", "uv": [ 0.0, 0.0, 0.4999999925494194, 14.0 ] },
                "down": { "texture": "#0", "uv": [ 0.0, 0.0, 0.4999999925494194, 14.0 ] }
            }
        },
        {
            "name": "NSIEW",
            "from": [ 15.200000002980232, 13.0, 1.0 ],
            "to": [ 15.699999995529652, 14.0, 15.0 ],
            "faces": {
                "north": { "texture": "#0", "uv": [ 0.0, 0.0, 0.4999999925494194, 1.0 ] },
                "east": { "texture": "#0", "uv": [ 0.0, 0.0, 14.0, 1.0 ] },
                "south": { "texture": "#0", "uv": [ 0.0, 0.0, 0.4999999925494194, 1.0 ] },
                "west": { "texture": "#0", "uv": [ 0.0, 0.0, 14.0, 1.0 ] },
                "up": { "texture": "#0", "uv": [ 0.0, 0.0, 0.4999999925494194, 14.0 ] },
                "down": { "texture": "#0", "uv": [ 0.0, 0.0, 0.4999999925494194, 14.0 ] }
            }
        },
        {
            "name": "EWITB",
            "from": [ 1.0, 15.200000002980232, 2.0 ],
            "to": [ 15.0, 15.699999995529652, 3.0 ],
            "faces": {
                "north": { "texture": "#0", "uv": [ 0.0, 0.0, 14.0, 0.4999999925494194 ] },
                "east": { "texture": "#0", "uv": [ 0.0, 0.0, 1.0, 0.4999999925494194 ] },
                "south": { "texture": "#0", "uv": [ 0.0, 0.0, 14.0, 0.4999999925494194 ] },
                "west": { "texture": "#0", "uv": [ 0.0, 0.0, 1.0, 0.4999999925494194 ] },
                "up": { "texture": "#0", "uv": [ 0.0, 0.0, 14.0, 1.0 ] },
                "down": { "texture": "#0", "uv": [ 0.0, 0.0, 14.0, 1.0 ] }
            }
        },
        {
            "name": "EWITB",
            "from": [ 1.0, 15.200000002980232, 5.0 ],
            "to": [ 15.0, 15.699999995529652, 6.0 ],
            "faces": {
                "north": { "texture": "#0", "uv": [ 0.0, 0.0, 14.0, 0.4999999925494194 ] },
                "east": { "texture": "#0", "uv": [ 0.0, 0.0, 1.0, 0.4999999925494194 ] },
                "south": { "texture": "#0", "uv": [ 0.0, 0.0, 14.0, 0.4999999925494194 ] },
                "west": { "texture": "#0", "uv": [ 0.0, 0.0, 1.0, 0.4999999925494194 ] },
                "up": { "texture": "#0", "uv": [ 0.0, 0.0, 14.0, 1.0 ] },
                "down": { "texture": "#0", "uv": [ 0.0, 0.0, 14.0, 1.0 ] }
            }
        },
        {
            "name": "EWITB",
            "from": [ 1.0, 15.200000002980232, 10.0 ],
            "to": [ 15.0, 15.699999995529652, 11.0 ],
            "faces": {
                "north": { "texture": "#0", "uv": [ 0.0, 0.0, 14.0, 0.4999999925494194 ] },
                "east": { "texture": "#0", "uv": [ 0.0, 0.0, 1.0, 0.4999999925494194 ] },
                "south": { "texture": "#0", "uv": [ 0.0, 0.0, 14.0, 0.4999999925494194 ] },
                "west": { "texture": "#0", "uv": [ 0.0, 0.0, 1.0, 0.4999999925494194 ] },
                "up": { "texture": "#0", "uv": [ 0.0, 0.0, 14.0, 1.0 ] },
                "down": { "texture": "#0", "uv": [ 0.0, 0.0, 14.0, 1.0 ] }
            }
        },
        {
            "name": "EWITB",
            "from": [ 1.0, 15.200000002980232, 13.0 ],
            "to": [ 15.0, 15.699999995529652, 14.0 ],
            "faces": {
                "north": { "texture": "#0", "uv": [ 0.0, 0.0, 14.0, 0.4999999925494194 ] },
                "east": { "texture": "#0", "uv": [ 0.0, 0.0, 1.0, 0.4999999925494194 ] },
                "south": { "texture": "#0", "uv": [ 0.0, 0.0, 14.0, 0.4999999925494194 ] },
                "west": { "texture": "#0", "uv": [ 0.0, 0.0, 1.0, 0.4999999925494194 ] },
                "up": { "texture": "#0", "uv": [ 0.0, 0.0, 14.0, 1.0 ] },
                "down": { "texture": "#0", "uv": [ 0.0, 0.0, 14.0, 1.0 ] }
            }
        },
        {
            "name": "EWITB",
            "from": [ 1.0, 0.30000000447034836, 13.0 ],
            "to": [ 15.0, 0.7999999970197678, 14.0 ],
            "faces": {
                "north": { "texture": "#0", "uv": [ 0.0, 0.0, 14.0, 0.4999999925494194 ] },
                "east": { "texture": "#0", "uv": [ 0.0, 0.0, 1.0, 0.4999999925494194 ] },
                "south": { "texture": "#0", "uv": [ 0.0, 0.0, 14.0, 0.4999999925494194 ] },
                "west": { "texture": "#0", "uv": [ 0.0, 0.0, 1.0, 0.4999999925494194 ] },
                "up": { "texture": "#0", "uv": [ 0.0, 0.0, 14.0, 1.0 ] },
                "down": { "texture": "#0", "uv": [ 0.0, 0.0, 14.0, 1.0 ] }
            }
        },
        {
            "name": "EWITB",
            "from": [ 1.0, 0.30000000447034836, 10.0 ],
            "to": [ 15.0, 0.7999999970197678, 11.0 ],
            "faces": {
                "north": { "texture": "#0", "uv": [ 0.0, 0.0, 14.0, 0.4999999925494194 ] },
                "east": { "texture": "#0", "uv": [ 0.0, 0.0, 1.0, 0.4999999925494194 ] },
                "south": { "texture": "#0", "uv": [ 0.0, 0.0, 14.0, 0.4999999925494194 ] },
                "west": { "texture": "#0", "uv": [ 0.0, 0.0, 1.0, 0.4999999925494194 ] },
                "up": { "texture": "#0", "uv": [ 0.0, 0.0, 14.0, 1.0 ] },
                "down": { "texture": "#0", "uv": [ 0.0, 0.0, 14.0, 1.0 ] }
            }
        },
        {
            "name": "EWITB",
            "from": [ 1.0, 0.30000000447034836, 5.0 ],
            "to": [ 15.0, 0.7999999970197678, 6.0 ],
            "faces": {
                "north": { "texture": "#0", "uv": [ 0.0, 0.0, 14.0, 0.4999999925494194 ] },
                "east": { "texture": "#0", "uv": [ 0.0, 0.0, 1.0, 0.4999999925494194 ] },
                "south": { "texture": "#0", "uv": [ 0.0, 0.0, 14.0, 0.4999999925494194 ] },
                "west": { "texture": "#0", "uv": [ 0.0, 0.0, 1.0, 0.4999999925494194 ] },
                "up": { "texture": "#0", "uv": [ 0.0, 0.0, 14.0, 1.0 ] },
                "down": { "texture": "#0", "uv": [ 0.0, 0.0, 14.0, 1.0 ] }
            }
        },
        {
            "name": "EWITB",
            "from": [ 1.0, 0.30000000447034836, 2.0 ],
            "to": [ 15.0, 0.7999999970197678, 3.0 ],
            "faces": {
                "north": { "texture": "#0", "uv": [ 0.0, 0.0, 14.0, 0.4999999925494194 ] },
                "east": { "texture": "#0", "uv": [ 0.0, 0.0, 1.0, 0.4999999925494194 ] },
                "south": { "texture": "#0", "uv": [ 0.0, 0.0, 14.0, 0.4999999925494194 ] },
                "west": { "texture": "#0", "uv": [ 0.0, 0.0, 1.0, 0.4999999925494194 ] },
                "up": { "texture": "#0", "uv": [ 0.0, 0.0, 14.0, 1.0 ] },
                "down": { "texture": "#0", "uv": [ 0.0, 0.0, 14.0, 1.0 ] }
            }
        },
        {
            "name": "EWINS",
            "from": [ 1.0, 2.0, 0.30000000447034836 ],
            "to": [ 15.0, 3.0, 0.7999999970197678 ],
            "faces": {
                "north": { "texture": "#0", "uv": [ 0.0, 0.0, 14.0, 1.0 ] },
                "east": { "texture": "#0", "uv": [ 0.0, 0.0, 0.4999999925494194, 1.0 ] },
                "south": { "texture": "#0", "uv": [ 0.0, 0.0, 14.0, 1.0 ] },
                "west": { "texture": "#0", "uv": [ 0.0, 0.0, 0.4999999925494194, 1.0 ] },
                "up": { "texture": "#0", "uv": [ 0.0, 0.0, 14.0, 0.4999999925494194 ] },
                "down": { "texture": "#0", "uv": [ 0.0, 0.0, 14.0, 0.4999999925494194 ] }
            }
        },
        {
            "name": "EWINS",
            "from": [ 1.0, 5.0, 0.30000000447034836 ],
            "to": [ 15.0, 6.0, 0.7999999970197678 ],
            "faces": {
                "north": { "texture": "#0", "uv": [ 0.0, 0.0, 14.0, 1.0 ] },
                "east": { "texture": "#0", "uv": [ 0.0, 0.0, 0.4999999925494194, 1.0 ] },
                "south": { "texture": "#0", "uv": [ 0.0, 0.0, 14.0, 1.0 ] },
                "west": { "texture": "#0", "uv": [ 0.0, 0.0, 0.4999999925494194, 1.0 ] },
                "up": { "texture": "#0", "uv": [ 0.0, 0.0, 14.0, 0.4999999925494194 ] },
                "down": { "texture": "#0", "uv": [ 0.0, 0.0, 14.0, 0.4999999925494194 ] }
            }
        },
        {
            "name": "EWINS",
            "from": [ 1.0, 10.0, 0.30000000447034836 ],
            "to": [ 15.0, 11.0, 0.7999999970197678 ],
            "faces": {
                "north": { "texture": "#0", "uv": [ 0.0, 0.0, 14.0, 1.0 ] },
                "east": { "texture": "#0", "uv": [ 0.0, 0.0, 0.4999999925494194, 1.0 ] },
                "south": { "texture": "#0", "uv": [ 0.0, 0.0, 14.0, 1.0 ] },
                "west": { "texture": "#0", "uv": [ 0.0, 0.0, 0.4999999925494194, 1.0 ] },
                "up": { "texture": "#0", "uv": [ 0.0, 0.0, 14.0, 0.4999999925494194 ] },
                "down": { "texture": "#0", "uv": [ 0.0, 0.0, 14.0, 0.4999999925494194 ] }
            }
        },
        {
            "name": "EWINS",
            "from": [ 1.0, 13.0, 0.30000000447034836 ],
            "to": [ 15.0, 14.0, 0.7999999970197678 ],
            "faces": {
                "north": { "texture": "#0", "uv": [ 0.0, 0.0, 14.0, 1.0 ] },
                "east": { "texture": "#0", "uv": [ 0.0, 0.0, 0.4999999925494194, 1.0 ] },
                "south": { "texture": "#0", "uv": [ 0.0, 0.0, 14.0, 1.0 ] },
                "west": { "texture": "#0", "uv": [ 0.0, 0.0, 0.4999999925494194, 1.0 ] },
                "up": { "texture": "#0", "uv": [ 0.0, 0.0, 14.0, 0.4999999925494194 ] },
                "down": { "texture": "#0", "uv": [ 0.0, 0.0, 14.0, 0.4999999925494194 ] }
            }
        },
        {
            "name": "EWINS",
            "from": [ 1.0, 13.0, 15.200000002980232 ],
            "to": [ 15.0, 14.0, 15.699999995529652 ],
            "faces": {
                "north": { "texture": "#0", "uv": [ 0.0, 0.0, 14.0, 1.0 ] },
                "east": { "texture": "#0", "uv": [ 0.0, 0.0, 0.4999999925494194, 1.0 ] },
                "south": { "texture": "#0", "uv": [ 0.0, 0.0, 14.0, 1.0 ] },
                "west": { "texture": "#0", "uv": [ 0.0, 0.0, 0.4999999925494194, 1.0 ] },
                "up": { "texture": "#0", "uv": [ 0.0, 0.0, 14.0, 0.4999999925494194 ] },
                "down": { "texture": "#0", "uv": [ 0.0, 0.0, 14.0, 0.4999999925494194 ] }
            }
        },
        {
            "name": "EWINS",
            "from": [ 1.0, 10.0, 15.200000002980232 ],
            "to": [ 15.0, 11.0, 15.699999995529652 ],
            "faces": {
                "north": { "texture": "#0", "uv": [ 0.0, 0.0, 14.0, 1.0 ] },
                "east": { "texture": "#0", "uv": [ 0.0, 0.0, 0.4999999925494194, 1.0 ] },
                "south": { "texture": "#0", "uv": [ 0.0, 0.0, 14.0, 1.0 ] },
                "west": { "texture": "#0", "uv": [ 0.0, 0.0, 0.4999999925494194, 1.0 ] },
                "up": { "texture": "#0", "uv": [ 0.0, 0.0, 14.0, 0.4999999925494194 ] },
                "down": { "texture": "#0", "uv": [ 0.0, 0.0, 14.0, 0.4999999925494194 ] }
            }
        },
        {
            "name": "EWINS",
            "from": [ 1.0, 5.0, 15.200000002980232 ],
            "to": [ 15.0, 6.0, 15.699999995529652 ],
            "faces": {
                "north": { "texture": "#0", "uv": [ 0.0, 0.0, 14.0, 1.0 ] },
                "east": { "texture": "#0", "uv": [ 0.0, 0.0, 0.4999999925494194, 1.0 ] },
                "south": { "texture": "#0", "uv": [ 0.0, 0.0, 14.0, 1.0 ] },
                "west": { "texture": "#0", "uv": [ 0.0, 0.0, 0.4999999925494194, 1.0 ] },
                "up": { "texture": "#0", "uv": [ 0.0, 0.0, 14.0, 0.4999999925494194 ] },
                "down": { "texture": "#0", "uv": [ 0.0, 0.0, 14.0, 0.4999999925494194 ] }
            }
        },
        {
            "name": "EWINS",
            "from": [ 1.0, 2.0, 15.200000002980232 ],
            "to": [ 15.0, 3.0, 15.699999995529652 ],
            "faces": {
                "north": { "texture": "#0", "uv": [ 0.0, 0.0, 14.0, 1.0 ] },
                "east": { "texture": "#0", "uv": [ 0.0, 0.0, 0.4999999925494194, 1.0 ] },
                "south": { "texture": "#0", "uv": [ 0.0, 0.0, 14.0, 1.0 ] },
                "west": { "texture": "#0", "uv": [ 0.0, 0.0, 0.4999999925494194, 1.0 ] },
                "up": { "texture": "#0", "uv": [ 0.0, 0.0, 14.0, 0.4999999925494194 ] },
                "down": { "texture": "#0", "uv": [ 0.0, 0.0, 14.0, 0.4999999925494194 ] }
            }
        }
    ]
}
