{
    "__comment": "Model generated using MrCrayfish's Model Creator (http://mrcrayfish.com/modelcreator/)",
    "parent": "block/block",
    "textures": {
        "base":"draconicevolution:block/crafting/injector_base",
        "core":"draconicevolution:block/crafting/injector_core_draconic",
        "ring":"draconicevolution:block/crafting/injector_ring",
        "particle": "draconicevolution:block/crafting/injector_base"
    },
    "elements": [
        {
            "name": "Base0",
            "from": [ 1.0, 0.0, 1.0 ], 
            "to": [ 15.0, 1.0, 15.0 ], 
            "faces": {
                "north": { "texture": "#base", "uv": [ 0.0, 0.0, 14.0, 1.0 ] },
                "east": { "texture": "#base", "uv": [ 0.0, 0.0, 14.0, 1.0 ] },
                "south": { "texture": "#base", "uv": [ 0.0, 0.0, 14.0, 1.0 ] },
                "west": { "texture": "#base", "uv": [ 0.0, 0.0, 14.0, 1.0 ] },
                "up": { "texture": "#base", "uv": [ 0.0, 0.0, 14.0, 14.0 ] },
                "down": { "texture": "#base", "uv": [ 0.0, 0.0, 14.0, 14.0 ] }
            }
        },
        {
            "name": "BaseCore",
            "from": [ 2.0, 1.0, 2.0 ], 
            "to": [ 14.0, 9.0, 14.0 ], 
            "faces": {
                "north": { "texture": "#core", "uv": [ 0.0, 0.0, 12.0, 8.0 ] },
                "east": { "texture": "#core", "uv": [ 0.0, 0.0, 12.0, 8.0 ] },
                "south": { "texture": "#core", "uv": [ 0.0, 0.0, 12.0, 8.0 ] },
                "west": { "texture": "#core", "uv": [ 0.0, 0.0, 12.0, 8.0 ] }
            }
        },
        {
            "name": "Base2",
            "from": [ 1.0, 9.0, 1.0 ], 
            "to": [ 15.0, 10.0, 15.0 ], 
            "faces": {
                "north": { "texture": "#base", "uv": [ 0.0, 0.0, 14.0, 1.0 ] },
                "east": { "texture": "#base", "uv": [ 0.0, 0.0, 14.0, 1.0 ] },
                "south": { "texture": "#base", "uv": [ 0.0, 0.0, 14.0, 1.0 ] },
                "west": { "texture": "#base", "uv": [ 0.0, 0.0, 14.0, 1.0 ] },
                "up": { "texture": "#base", "uv": [ 0.0, 0.0, 14.0, 14.0 ] },
                "down": { "texture": "#base", "uv": [ 0.0, 0.0, 14.0, 14.0 ] }
            }
        },
        {
            "name": "BaseCornerNE",
            "from": [ 14.0, 1.0, 1.0 ], 
            "to": [ 15.0, 9.0, 2.0 ], 
            "faces": {
                "north": { "texture": "#base", "uv": [ 0.0, 0.0, 1.0, 8.0 ] },
                "east": { "texture": "#base", "uv": [ 0.0, 0.0, 1.0, 8.0 ] },
                "south": { "texture": "#base", "uv": [ 0.0, 0.0, 1.0, 8.0 ] },
                "west": { "texture": "#base", "uv": [ 0.0, 0.0, 1.0, 8.0 ] }
            }
        },
        {
            "name": "BaseCornerNW",
            "from": [ 1.0, 1.0, 1.0 ], 
            "to": [ 2.0, 9.0, 2.0 ], 
            "faces": {
                "north": { "texture": "#base", "uv": [ 0.0, 0.0, 1.0, 8.0 ] },
                "east": { "texture": "#base", "uv": [ 0.0, 0.0, 1.0, 8.0 ] },
                "south": { "texture": "#base", "uv": [ 0.0, 0.0, 1.0, 8.0 ] },
                "west": { "texture": "#base", "uv": [ 0.0, 0.0, 1.0, 8.0 ] }
            }
        },
        {
            "name": "BaseCornerSW",
            "from": [ 1.0, 1.0, 14.0 ], 
            "to": [ 2.0, 9.0, 15.0 ], 
            "faces": {
                "north": { "texture": "#base", "uv": [ 0.0, 0.0, 1.0, 8.0 ] },
                "east": { "texture": "#base", "uv": [ 0.0, 0.0, 1.0, 8.0 ] },
                "south": { "texture": "#base", "uv": [ 0.0, 0.0, 1.0, 8.0 ] },
                "west": { "texture": "#base", "uv": [ 0.0, 0.0, 1.0, 8.0 ] }
            }
        },
        {
            "name": "BaseCornerSE",
            "from": [ 14.0, 1.0, 14.0 ], 
            "to": [ 15.0, 9.0, 15.0 ], 
            "faces": {
                "north": { "texture": "#base", "uv": [ 0.0, 0.0, 1.0, 8.0 ] },
                "east": { "texture": "#base", "uv": [ 0.0, 0.0, 1.0, 8.0 ] },
                "south": { "texture": "#base", "uv": [ 0.0, 0.0, 1.0, 8.0 ] },
                "west": { "texture": "#base", "uv": [ 0.0, 0.0, 1.0, 8.0 ] }
            }
        },
        {
            "name": "TopCentre",
            "from": [ 6.0, 10.0, 6.0 ], 
            "to": [ 10.0, 11.0, 10.0 ], 
            "faces": {
                "north": { "texture": "#core", "uv": [ 4.0, 0.0, 8.0, 1.0 ] },
                "east": { "texture": "#core", "uv": [ 4.0, 0.0, 8.0, 1.0 ] },
                "south": { "texture": "#core", "uv": [ 4.0, 0.0, 8.0, 1.0 ] },
                "west": { "texture": "#core", "uv": [ 4.0, 0.0, 8.0, 1.0 ] },
                "up": { "texture": "#core", "uv": [ 4.0, 2.0, 8.0, 6.0 ] }
            }
        },
        {
            "name": "TopBaseN",
            "from": [ 3.0, 10.0, 2.0 ], 
            "to": [ 13.0, 11.0, 3.0 ], 
            "faces": {
                "north": { "texture": "#ring", "uv": [ 0.0, 8.0, 16.0, 10.0 ] },
                "south": { "texture": "#ring", "uv": [ 0.0, 8.0, 16.0, 10.0 ] },
                "up": { "texture": "#ring", "uv": [ 0.0, 8.0, 16.0, 10.0 ] }
            }
        },
        {
            "name": "TopBaseS",
            "from": [ 3.0, 10.0, 13.0 ], 
            "to": [ 13.0, 11.0, 14.0 ], 
            "faces": {
                "north": { "texture": "#ring", "uv": [ 0.0, 8.0, 16.0, 10.0 ] },
                "south": { "texture": "#ring", "uv": [ 0.0, 8.0, 16.0, 10.0 ] },
                "up": { "texture": "#ring", "uv": [ 0.0, 8.0, 16.0, 10.0 ] }
            }
        },
        {
            "name": "TopBaseE",
            "from": [ 13.0, 10.0, 3.0 ], 
            "to": [ 14.0, 11.0, 13.0 ], 
            "faces": {
                "east": { "texture": "#ring", "uv": [ 0.0, 8.0, 16.0, 10.0 ] },
                "west": { "texture": "#ring", "uv": [ 0.0, 8.0, 16.0, 10.0 ] },
                "up": { "texture": "#ring", "uv": [ 0.0, 8.0, 16.0, 10.0 ], "rotation": 90 }
            }
        },
        {
            "name": "TopBaseW",
            "from": [ 2.0, 10.0, 3.0 ], 
            "to": [ 3.0, 11.0, 13.0 ], 
            "faces": {
                "east": { "texture": "#ring", "uv": [ 0.0, 8.0, 16.0, 10.0 ] },
                "west": { "texture": "#ring", "uv": [ 0.0, 8.0, 16.0, 10.0 ] },
                "up": { "texture": "#ring", "uv": [ 0.0, 8.0, 16.0, 10.0 ], "rotation": 90 }
            }
        },
        {
            "name": "TopC0NE",
            "from": [ 13.0, 10.0, 2.0 ], 
            "to": [ 15.0, 12.0, 4.0 ], 
            "rotation": { "origin": [ 14.0, 12.0, 2.0 ], "axis": "y", "angle": -45.0 },
            "faces": {
                "north": { "texture": "#ring", "uv": [ 0.0, 0.0, 4.0, 4.0 ] },
                "east": { "texture": "#ring", "uv": [ 4.0, 0.0, 8.0, 4.0 ] },
                "south": { "texture": "#ring", "uv": [ 0.0, 4.0, 4.0, 8.0 ] },
                "west": { "texture": "#ring", "uv": [ 4.0, 4.0, 8.0, 8.0 ] },
                "up": { "texture": "#ring", "uv": [ 2.0, 2.0, 6.0, 6.0 ] }
            }
        },
        {
            "name": "TopC0NW",
            "from": [ 1.0, 10.0, 2.0 ], 
            "to": [ 3.0, 12.0, 4.0 ], 
            "rotation": { "origin": [ 2.0, 12.0, 2.0 ], "axis": "y", "angle": 45.0 },
            "faces": {
                "north": { "texture": "#ring", "uv": [ 0.0, 0.0, 4.0, 4.0 ] },
                "east": { "texture": "#ring", "uv": [ 4.0, 0.0, 8.0, 4.0 ] },
                "south": { "texture": "#ring", "uv": [ 0.0, 4.0, 4.0, 8.0 ] },
                "west": { "texture": "#ring", "uv": [ 4.0, 4.0, 8.0, 8.0 ] },
                "up": { "texture": "#ring", "uv": [ 2.0, 2.0, 6.0, 6.0 ] }
            }
        },
        {
            "name": "TopC0SE",
            "from": [ 13.0, 10.0, 12.0 ], 
            "to": [ 15.0, 12.0, 14.0 ], 
            "rotation": { "origin": [ 14.0, 12.0, 14.0 ], "axis": "y", "angle": 45.0 },
            "faces": {
                "north": { "texture": "#ring", "uv": [ 0.0, 0.0, 4.0, 4.0 ] },
                "east": { "texture": "#ring", "uv": [ 4.0, 0.0, 8.0, 4.0 ] },
                "south": { "texture": "#ring", "uv": [ 0.0, 4.0, 4.0, 8.0 ] },
                "west": { "texture": "#ring", "uv": [ 4.0, 4.0, 8.0, 8.0 ] },
                "up": { "texture": "#ring", "uv": [ 2.0, 2.0, 6.0, 6.0 ] }
            }
        },
        {
            "name": "TopC0SW",
            "from": [ 1.0, 10.0, 12.0 ], 
            "to": [ 3.0, 12.0, 14.0 ], 
            "rotation": { "origin": [ 2.0, 12.0, 14.0 ], "axis": "y", "angle": -45.0 },
            "faces": {
                "north": { "texture": "#ring", "uv": [ 0.0, 0.0, 4.0, 4.0 ] },
                "east": { "texture": "#ring", "uv": [ 4.0, 0.0, 8.0, 4.0 ] },
                "south": { "texture": "#ring", "uv": [ 0.0, 4.0, 4.0, 8.0 ] },
                "west": { "texture": "#ring", "uv": [ 4.0, 4.0, 8.0, 8.0 ] },
                "up": { "texture": "#ring", "uv": [ 2.0, 2.0, 6.0, 6.0 ] }
            }
        }
    ]
}