{
  "multipart": [
    {
      "when": {
        "facing": "north"
      },
      "apply": {
        "model": "draconicevolution:block/generator/generator"
      }
    },
    {
      "when": {
        "facing": "north",
        "active": "true"
      },
      "apply": {
        "model": "draconicevolution:block/generator/generator_flame"
      }
    },
    {
      "when": {
        "facing": "south"
      },
      "apply": {
        "model": "draconicevolution:block/generator/generator",
        "y": 180
      }
    },
    {
      "when": {
        "facing": "south",
        "active": "true"
      },
      "apply": {
        "model": "draconicevolution:block/generator/generator_flame",
        "y": 180
      }
    },
    {
      "when": {
        "facing": "west"
      },
      "apply": {
        "model": "draconicevolution:block/generator/generator",
        "y": 270
      }
    },
    {
      "when": {
        "facing": "west",
        "active": "true"
      },
      "apply": {
        "model": "draconicevolution:block/generator/generator_flame",
        "y": 270
      }
    },
    {
      "when": {
        "facing": "east"
      },
      "apply": {
        "model": "draconicevolution:block/generator/generator",
        "y": 90
      }
    },
    {
      "when": {
        "facing": "east",
        "active": "true"
      },
      "apply": {
        "model": "draconicevolution:block/generator/generator_flame",
        "y": 90
      }
    }
  ]
}